AAAI,/group?id=AAAI.org/2024/Spring_Symposium_Series/Clinical_FMs,accept
AAAI,/group?id=AAAI.org/2024/Workshop/AI4ED,accept-day-1-oral
AAAI,/group?id=AAAI.org/2024/Workshop/AI4ED,accept-day-1-poster
AAAI,/group?id=AAAI.org/2024/Workshop/AI4ED,accept-day-2-poster
AAAI,/group?id=AAAI.org/2024/Workshop/AI4ED,accept-day-2-spotlight
AAAI,/group?id=AAAI.org/2024/Workshop/ASEA,active-submissions
AAAI,/group?id=AAAI.org/2024/Workshop/EcoSys,accept-oral
AAAI,/group?id=AAAI.org/2024/Workshop/EcoSys,accept-poster
AAAI,/group?id=AAAI.org/2024/Workshop/LLM-CP,accept-oral
AAAI,/group?id=AAAI.org/2024/Workshop/NuCLeaR,accept
AAAI,/group?id=AAAI.org/2024/Workshop/PubLLM,accept
AAAI,/group?id=AAAI.org/2024/Workshop/SAI,accept-oral
AAAI,/group?id=AAAI.org/2024/Workshop/SAI,accept-poster
AAAI,/group?id=AAAI.org/2024/Workshop/SAI,reject
AAAI,/group?id=AAAI.org/2024/Workshop/XAI4DRL,accept
AAAI,/group?id=AAAI.org/2025/Workshop/AI4Research,accept-oral
AAAI,/group?id=AAAI.org/2025/Workshop/AI4Research,accept-poster
AAAI,/group?id=AAAI.org/2025/Workshop/AI4WCN,active-submissions
AAAI,/group?id=AAAI.org/2025/Workshop/CoLoRAI,active-submissions
AAAI,/group?id=AAAI.org/2025/Workshop/DATASAFE,accept-oral-and-poster
AAAI,/group?id=AAAI.org/2025/Workshop/DATASAFE,accept-poster
AAAI,/group?id=AAAI.org/2025/Workshop/GoodData,accept
AAAI,/group?id=AAAI.org/2025/Workshop/LM4Plan,accept
AAAI,/group?id=AAAI.org/2025/Workshop/MALTA,accept-lightning-talk
AAAI,/group?id=AAAI.org/2025/Workshop/MALTA,accept-talk
AAAI,/group?id=AAAI.org/2025/Workshop/MARW,accept
AAAI,/group?id=AAAI.org/2025/Workshop/NeurMAD,active-submissions
AAAI,/group?id=AAAI.org/2025/Workshop/PDLM,accept-oral
AAAI,/group?id=AAAI.org/2025/Workshop/PDLM,accept-poster
AAAI,/group?id=AAAI.org/2025/Workshop/PSS,accept-oral
AAAI,/group?id=AAAI.org/2025/Workshop/PSS,accept-poster
AABI,/group?id=approximateinference.org/AABI/2023/Symposium_Fast_Track,accept
AABI,/group?id=approximateinference.org/AABI/2024/Symposium,accept
AABI,/group?id=approximateinference.org/AABI/2024/Symposium_Archival_Track,accept
AACL-IJCNLP,/group?id=aclweb.org/AACL-IJCNLP/2023/Workshop/Eval4NLP,accept
AAMAS,/group?id=AAMAS/2024/Workshop/ALA,accept
ACL,/group?id=aclweb.org/ACL/2024/ARR_Commitment,accept-findings
ACL,/group?id=aclweb.org/ACL/2024/ARR_Commitment,accept-main
ACL,/group?id=aclweb.org/ACL/2024/Workshop/ClimateNLP,accept
ACL,/group?id=aclweb.org/ACL/2024/Workshop/ClimateNLP,reject
ACL,/group?id=aclweb.org/ACL/2024/Workshop/Language_and_Molecules,accept-oral
ACL,/group?id=aclweb.org/ACL/2024/Workshop/Language_and_Molecules,accept-poster
ACL,/group?id=aclweb.org/ACL/2024/Workshop/WASSA,accept
ACL,/group?id=aclweb.org/ACL/2024/Workshop/WASSA_ARR_Commitment,accept
ACM,/group?id=ACM.org/ICAIF/2024/Workshop/P2P,accept-oral
ACM,/group?id=ACM.org/ICMI/2024/Workshop/GENEA,accept
ACM,/group?id=ACM.org/MICRO/2023/Workshop/SAGE,accept
ACM,/group?id=ACM.org/Middleware/Workshop/DICG,accept
ACM,/group?id=ACM.org/SIGIR/2024/Workshop/Gen-IR,accept
ACM,/group?id=ACM.org/SIGIR/ICTIR/2024/Conference,accept
ACM,/group?id=ACM.org/TheWebConf/2024/Conference,accept
ACM,/group?id=ACM.org/TheWebConf/2024/Conference,accept-oral
ACM,/group?id=ACM.org/TheWebConf/2025/Conference,accept-oral
ACM,/group?id=ACM.org/TheWebConf/2025/Conference,accept-poster
ACML,/group?id=ACML.org/2024/Conference,accept
ACMMM,/group?id=acmmm.org/ACMMM/2024/Conference,accept-oral
ACMMM,/group?id=acmmm.org/ACMMM/2024/Conference,accept-poster
AI-LC,/group?id=AI-LC.it/EVALITA/2023/Workshop,accept
AutoML,/group?id=automl.cc/AutoML/2023/Journal_Track,accept
AutoML,/group?id=automl.cc/AutoML/2023/Workshop_Track,accept
AutoML,/group?id=automl.cc/AutoML/2024/ABCD_Track,accept
AutoML,/group?id=automl.cc/AutoML/2024/Conference,accept
AutoML,/group?id=automl.cc/AutoML/2024/Workshop_Track,accept
BOKU,/group?id=BOKU.ac.at/2024/AI4Mat,accept-oral
BOKU,/group?id=BOKU.ac.at/2024/AI4Mat,accept-poster
CCL,/group?id=CCL/2024/Conference,accept
CLAI,/group?id=continualai.org/CLAI/2023/Unconference_Preregistration_Track,accept
CLAI,/group?id=continualai.org/CLAI/2023/Unconference_Stage_2,accept
CoLLAs,/group?id=lifelong-ml.cc/CoLLAs/2024/Conference,accept
COLM,/group?id=colmweb.org/COLM/2024/Conference,accept
Computo,/group?id=Computo&referrer=%5BHomepage%5D(%2F),accepted-papers
Computo,/group?id=Computo&referrer=%5BHomepage%5D(%2F),all-submissions
CoRL,/group?id=robot-learning.org/CoRL/2023/Workshop/CRL_WS,accept-oral
CoRL,/group?id=robot-learning.org/CoRL/2023/Workshop/CRL_WS,accept-poster
CoRL,/group?id=robot-learning.org/CoRL/2023/Workshop/LangRob,accept-oral
CoRL,/group?id=robot-learning.org/CoRL/2023/Workshop/LangRob,accept-poster
CoRL,/group?id=robot-learning.org/CoRL/2023/Workshop/LangRob,reject
CoRL,/group?id=robot-learning.org/CoRL/2023/Workshop/RoboLetics,accept
CoRL,/group?id=robot-learning.org/CoRL/2023/Workshop/TGR,accept-oral
CoRL,/group?id=robot-learning.org/CoRL/2023/Workshop/TGR,accept-poster
CoRL,/group?id=robot-learning.org/CoRL/2024/Conference,accept
CoRL,/group?id=robot-learning.org/CoRL/2024/Workshop/LEAP,accept-oral
CoRL,/group?id=robot-learning.org/CoRL/2024/Workshop/LEAP,accept-poster
CoRL,/group?id=robot-learning.org/CoRL/2024/Workshop/LFDM,accept
CoRL,/group?id=robot-learning.org/CoRL/2024/Workshop/WCBM,accept
CPAL,/group?id=CPAL.cc/2024/Conference,accept-oral
CUNI,/group?id=CUNI.cz/2024/CJOLPhD,active-submissions
CVPR,/group?id=thecvf.com/CVPR/2023/Workshop/NFVLR,accept-poster
CVPR,/group?id=thecvf.com/CVPR/2023/Workshop/NFVLR,reject
CVPR,/group?id=thecvf.com/CVPR/2024/Workshop/MedSAMonLaptop,accept
CVPR,/group?id=thecvf.com/CVPR/2024/Workshop/MedSAMonLaptop,reject
CVPR,/group?id=thecvf.com/CVPR/2024/Workshop/POETS,accept-oral
CVPR,/group?id=thecvf.com/CVPR/2024/Workshop/POETS,accept-poster
CVPR,/group?id=thecvf.com/CVPR/2024/Workshop/POETS_2nd_Round,accept-oral
CVPR,/group?id=thecvf.com/CVPR/2024/Workshop/POETS_2nd_Round,accept-poster
CVPR,/group?id=thecvf.com/CVPR/2024/Workshop/SynData4CV,accept
CVPR,/group?id=thecvf.com/CVPR/2024/Workshop/SyntaGen,accept
CVPR,/group?id=thecvf.com/CVPR/2024/Workshop/VLADR,accept-oral
CVPR,/group?id=thecvf.com/CVPR/2024/Workshop/VLADR,accept-poster
CVPR,/group?id=thecvf.com/CVPR/2024/Workshop/VLADR,reject
DeepLearningIndaba,/group?id=DeepLearningIndaba.com/2023/Conference,active-submissions
DMLR,/group?id=DMLR&referrer=%5BHomepage%5D(%2F),accepted-papers
DMLR,/group?id=DMLR&referrer=%5BHomepage%5D(%2F),all-submissions
ECCV,/group?id=thecvf.com/ECCV/2024/Workshop/DarkSide_of_GenAIs_and_Beyond,accept
ECCV,/group?id=thecvf.com/ECCV/2024/Workshop/ROAM,accept-oral
ECCV,/group?id=thecvf.com/ECCV/2024/Workshop/W-CODA,accept
ECCV,/group?id=thecvf.com/ECCV/2024/Workshop/W-CODA_Abstract_Paper_Track,accept
ECCV,/group?id=thecvf.com/ECCV/2024/Workshop/Wild3D,accept
ELLIS,/group?id=ELLIS.eu/2024/Workshop/RLGMSD,accept-poster
ELLIS,/group?id=ELLIS.eu/2024/Workshop/RLGMSD,accept-talk
EMNLP,/group?id=EMNLP/2023/Conference,accept-findings
EMNLP,/group?id=EMNLP/2023/Conference,accept-main
EMNLP,/group?id=EMNLP/2023/Conference,submitted-to-emnlp-2023
EMNLP,/group?id=EMNLP/2023/Workshop/CALCS,accept
EMNLP,/group?id=EMNLP/2023/Workshop/NLP-OSS,accept
EMNLP,/group?id=EMNLP/2024/Industry_Track,accept
EMNLP,/group?id=EMNLP/2024/Workshop/BlackBoxNLP,accept
EMNLP,/group?id=EMNLP/2024/Workshop/BlackBoxNLP_ARR_Commitment,accept
EMNLP,/group?id=EMNLP/2024/Workshop/WiNLP,accept
ESPC,/group?id=helsinki.fi/ESPC/2023/Competition,accept-long-presentation
ESPC,/group?id=helsinki.fi/ESPC/2023/Competition,accept-short-presentation
ESWC,/group?id=eswc-conferences.org/ESWC/2024/Workshop/KGCW,active-submissions
ESWC,/group?id=eswc-conferences.org/ESWC/2025/Workshop/KGCW,active-submissions
EWRL,/group?id=EWRL/2024/Workshop,accept
Graphics Interface,/group?id=graphicsinterface.org/Graphics_Interface/2024/Conference,accept
HRAIM,/group?id=harms-risks-ai-military.org/HRAIM/2024/Workshop,accept-oral
HRAIM,/group?id=harms-risks-ai-military.org/HRAIM/2024/Workshop,accept-poster
HRI,/group?id=humanrobotinteraction.org/HRI/2023/Workshop/VAM-HRI,oral
HRI,/group?id=humanrobotinteraction.org/HRI/2025/Workshop/VAM,active-submissions
ICAPS,/group?id=icaps-conference.org/ICAPS/2024/Conference,accept
ICAPS,/group?id=icaps-conference.org/ICAPS/2024/Demo_Track,accept
ICAPS,/group?id=icaps-conference.org/ICAPS/2024/Workshop/HAXP,accept
ICCV,/group?id=thecvf.com/ICCV/2023/Workshop/VIPriors,accept-oral-poster-tbd
ICLR,/group?id=ICLR.cc/2024/Conference,accept-oral
ICLR,/group?id=ICLR.cc/2024/Conference,accept-spotlight
ICLR,/group?id=ICLR.cc/2024/Conference,desk-rejected-submissions
ICLR,/group?id=ICLR.cc/2024/TinyPapers,invite-to-archive
ICLR,/group?id=ICLR.cc/2024/TinyPapers,invite-to-present
ICLR,/group?id=ICLR.cc/2024/TinyPapers,invite-to-present-notable
ICLR,/group?id=ICLR.cc/2024/Workshop_Proposals,accept
ICLR,/group?id=ICLR.cc/2024/Workshop/AfricaNLP,accept
ICLR,/group?id=ICLR.cc/2024/Workshop/AGI,accept-oral
ICLR,/group?id=ICLR.cc/2024/Workshop/AGI,accept-poster
ICLR,/group?id=ICLR.cc/2024/Workshop/AGI,reject
ICLR,/group?id=ICLR.cc/2024/Workshop/AI4DiffEqtnsInSci,accept-oral
ICLR,/group?id=ICLR.cc/2024/Workshop/AI4DiffEqtnsInSci,accept-poster
ICLR,/group?id=ICLR.cc/2024/Workshop/DMLR,accept
ICLR,/group?id=ICLR.cc/2024/Workshop/DPFM,accept-poster
ICLR,/group?id=ICLR.cc/2024/Workshop/GEM,accept-oral
ICLR,/group?id=ICLR.cc/2024/Workshop/GEM,accept-poster
ICLR,/group?id=ICLR.cc/2024/Workshop/LLMAgents,accept-oral
ICLR,/group?id=ICLR.cc/2024/Workshop/LLMAgents,accept-poster
ICLR,/group?id=ICLR.cc/2024/Workshop/ME-FoMo,accept-oral
ICLR,/group?id=ICLR.cc/2024/Workshop/ME-FoMo,accept-poster
ICLR,/group?id=ICLR.cc/2024/Workshop/MLGenX,accept-poster
ICLR,/group?id=ICLR.cc/2024/Workshop/MLGenX,accept-spotlight
ICLR,/group?id=ICLR.cc/2024/Workshop/PML,accept
ICLR,/group?id=ICLR.cc/2024/Workshop/PML4LRS,accept-oral
ICLR,/group?id=ICLR.cc/2024/Workshop/PML4LRS,accept-poster
ICLR,/group?id=ICLR.cc/2024/Workshop/R2-FM,accept-oral
ICLR,/group?id=ICLR.cc/2024/Workshop/R2-FM,accept-poster
ICLR,/group?id=ICLR.cc/2024/Workshop/Re-Align,accept-contributed-talk
ICLR,/group?id=ICLR.cc/2024/Workshop/Re-Align,accept-poster
ICLR,/group?id=ICLR.cc/2024/Workshop/SeT_LLM,accept
ICLR,/group?id=ICLR.cc/2024/Workshop/TS4H,accept-oral
ICLR,/group?id=ICLR.cc/2024/Workshop/TS4H,accept-poster
ICLR,/group?id=ICLR.cc/2025/Conference,accept-conditional-oral
ICLR,/group?id=ICLR.cc/2025/Conference,accept-conditional-poster
ICLR,/group?id=ICLR.cc/2025/Conference,accept-conditional-spotlight
ICLR,/group?id=ICLR.cc/2025/Conference,accept-oral
ICLR,/group?id=ICLR.cc/2025/Workshop_Proposals,accept
ICLR,/group?id=ICLR.cc/2025/Workshop/SSI-FM,active-submissions
ICLR,/group?id=ICLR.cc/2025/Workshop/WRL,accept-oral
ICLR,/group?id=ICLR.cc/2025/Workshop/WRL,accept-poster
ICML,/group?id=ICML.cc/2023/Conference,accept-oral-poster
ICML,/group?id=ICML.cc/2023/Conference,accept-poster
ICML,/group?id=ICML.cc/2023/Workshop/DeployableGenerativeAI,accept
ICML,/group?id=ICML.cc/2023/Workshop/Differentiable_Almost_Everything,accept
ICML,/group?id=ICML.cc/2023/Workshop/ES-FoMO,accept-oral
ICML,/group?id=ICML.cc/2023/Workshop/ES-FoMO,accept-poster
ICML,/group?id=ICML.cc/2023/Workshop/FL,accept
ICML,/group?id=ICML.cc/2023/Workshop/ILHF,accept
ICML,/group?id=ICML.cc/2023/Workshop/NCW,accept
ICML,/group?id=ICML.cc/2023/Workshop/SCIS,accept-oral
ICML,/group?id=ICML.cc/2023/Workshop/SCIS,accept-poster
ICML,/group?id=ICML.cc/2023/Workshop/SODS,accept-oral
ICML,/group?id=ICML.cc/2023/Workshop/SODS,accept-poster
ICML,/group?id=ICML.cc/2023/Workshop/SPIGM,accept-oral
ICML,/group?id=ICML.cc/2023/Workshop/SPIGM,accept-poster
ICML,/group?id=ICML.cc/2023/Workshop/ToM,accept
ICML,/group?id=ICML.cc/2024/Conference,accept-oral
ICML,/group?id=ICML.cc/2024/Conference,accept-poster
ICML,/group?id=ICML.cc/2024/Conference,accept-spotlight
ICML,/group?id=ICML.cc/2024/Workshop/AccMLBio,accept-poster
ICML,/group?id=ICML.cc/2024/Workshop/AccMLBio,accept-spotlight
ICML,/group?id=ICML.cc/2024/Workshop/Agentic_Markets,accept-oral
ICML,/group?id=ICML.cc/2024/Workshop/Agentic_Markets,accept-poster
ICML,/group?id=ICML.cc/2024/Workshop/AI4MATH,accept-oral
ICML,/group?id=ICML.cc/2024/Workshop/AI4MATH,accept-poster
ICML,/group?id=ICML.cc/2024/Workshop/AI4Science,accept-oral
ICML,/group?id=ICML.cc/2024/Workshop/AI4Science,accept-poster
ICML,/group?id=ICML.cc/2024/Workshop/AI4Science,accept-spotlight
ICML,/group?id=ICML.cc/2024/Workshop/ARLET,accept-oral
ICML,/group?id=ICML.cc/2024/Workshop/ARLET,accept-poster
ICML,/group?id=ICML.cc/2024/Workshop/ARLET,reject
ICML,/group?id=ICML.cc/2024/Workshop/AutoRL,accept
ICML,/group?id=ICML.cc/2024/Workshop/AutoRL,reject
ICML,/group?id=ICML.cc/2024/Workshop/Differentiable_Almost_Everything,accept
ICML,/group?id=ICML.cc/2024/Workshop/ES-FoMo-II,accept-oral
ICML,/group?id=ICML.cc/2024/Workshop/ES-FoMo-II,accept-poster
ICML,/group?id=ICML.cc/2024/Workshop/FM-Wild,accept-poster
ICML,/group?id=ICML.cc/2024/Workshop/GRaM,accept
ICML,/group?id=ICML.cc/2024/Workshop/HiLD,accept-poster
ICML,/group?id=ICML.cc/2024/Workshop/ICL,accept-contributed-talk
ICML,/group?id=ICML.cc/2024/Workshop/ICL,accept-poster
ICML,/group?id=ICML.cc/2024/Workshop/ML4LMS,accept-oral
ICML,/group?id=ICML.cc/2024/Workshop/ML4LMS,accept-poster
ICML,/group?id=ICML.cc/2024/Workshop/NextGenAISafety,accept-oral
ICML,/group?id=ICML.cc/2024/Workshop/NextGenAISafety,accept-poster
ICML,/group?id=ICML.cc/2024/Workshop/RLControlTheory,accept-poster
ICML,/group?id=ICML.cc/2024/Workshop/SPIGM,accept-oral
ICML,/group?id=ICML.cc/2024/Workshop/SPIGM,accept-poster
ICML,/group?id=ICML.cc/2024/Workshop/TF2M,accept-oral
ICML,/group?id=ICML.cc/2024/Workshop/TF2M,accept-poster
ICML,/group?id=ICML.cc/2024/Workshop/TiFA,accept
ICML,/group?id=ICML.cc/2024/Workshop/WANT,accept-oral
ICML,/group?id=ICML.cc/2024/Workshop/WANT,accept-poster
IEEE,/group?id=IEEE.org/2023/IROS/Workshop/CRM,accept
IEEE,/group?id=IEEE.org/2023/IROS/Workshop/DiffPropRob,accept-oral
IEEE,/group?id=IEEE.org/2023/IROS/Workshop/DiffPropRob,accept-poster
IEEE,/group?id=IEEE.org/2024/ICRA/Workshop/3D_Manipulation,accept
IEEE,/group?id=IEEE.org/2024/ICRA/Workshop/Back_to_the_Future,accept
IEEE,/group?id=IEEE.org/2024/ICRA/Workshop/Back_to_the_Future,accepted-spotlight
IEEE,/group?id=IEEE.org/2024/ICRA/Workshop/CookingRobot,accept
IEEE,/group?id=IEEE.org/2024/ICRA/Workshop/MoMa,accept-oral
IEEE,/group?id=IEEE.org/2024/ICRA/Workshop/MoMa,accept-poster
IEEE,/group?id=IEEE.org/2024/ICRA/Workshop/Off-road_Autonomy,accept-oral
IEEE,/group?id=IEEE.org/2024/ICRA/Workshop/Off-road_Autonomy,accept-poster
IEEE,/group?id=IEEE.org/2024/ICRA/Workshop/RoboNerF,accept-oral
IEEE,/group?id=IEEE.org/2024/ICRA/Workshop/RoboNerF,accept-poster
IEEE,/group?id=IEEE.org/2024/ICRA/Workshop/VLMNM,accept
IEEE,/group?id=IEEE.org/2024/ICRA/Workshop/VLMNM,accept-spotlight
IEEE,/group?id=IEEE.org/2024/ICRA/Workshop/WIHR,accept
IEEE,/group?id=IEEE.org/AIC/2025/Conference,active-submissions
IEEE,/group?id=IEEE.org/ICIST/2024/Conference,active-submissions
IEEE,/group?id=IEEE.org/IROS/2024/Workshop/BoB,accept
IEEE,/group?id=IEEE.org/ISIT/2024/Workshop/IT-TML,accept-poster
IEEE,/group?id=IEEE.org/ISIT/2024/Workshop/LCW,accept-poster
IEEE,/group?id=IEEE.org/ISIT/2024/Workshop/LCW,accept-spotlight-presentation-poster
IEEE,/group?id=IEEE.org/Ro-MAN/2024/Workshop/InterAI,accept
IEEE,/group?id=IEEE.org/SaTML/2024/Conference,accept
IJCAI,/group?id=ijcai.org/IJCAI/2024/Workshop/AI4Research,accept
IJCAI,/group?id=ijcai.org/IJCAI/2024/Workshop/AIforCI,accept
IJCAI,/group?id=ijcai.org/IJCAI/2024/Workshop/AIGOV,accept
ISAIM,/group?id=ISAIM/2024/Symposium,accept
ISCA,/group?id=iscaconf.org/ISCA/2024/Workshop/MLArchSys,accept-oral-poster
ISWC,/group?id=swsa.semanticweb.org/ISWC/2024/Workshop/WOP,accept-oral
JSYS,/group?id=JSYS/2023/Aug_Papers,active-submissions
JSYS,/group?id=JSYS/2023/May_Papers,active-submissions
JSYS,/group?id=JSYS/2024/August_Papers,active-submissions
JSYS,/group?id=JSYS/2024/March_Papers,active-submissions
JSYS,/group?id=JSYS/2024/May_Papers,active-submissions
JSYS,/group?id=JSYS/2024/October_Papers,active-submissions
JSYS,/group?id=JSYS/2025/March_Papers,active-submissions
KDD,/group?id=KDD.org/2023/Workshop/Cup,accept-oral
KDD,/group?id=KDD.org/2023/Workshop/Cup,accept-poster
KDD,/group?id=KDD.org/2023/Workshop/Fragile_Earth,active-submissions
KDD,/group?id=KDD.org/2024/Workshop/AIDSH,accept-oral
KDD,/group?id=KDD.org/2024/Workshop/AIDSH,accept-poster
KDD,/group?id=KDD.org/2024/Workshop/Amazon_KDD_Cup,active-submissions
KDD,/group?id=KDD.org/2024/Workshop/DL4KG,accept
KDD,/group?id=KDD.org/2024/Workshop/DL4KG,reject
KDD,/group?id=KDD.org/2024/Workshop/epiDAMIK,accept
KDD,/group?id=KDD.org/2024/Workshop/FedKDD,accept-oral
KDD,/group?id=KDD.org/2024/Workshop/FedKDD,accept-poster
KDD,/group?id=KDD.org/2024/Workshop/FedKDD,reject
KDD,/group?id=KDD.org/2024/Workshop/Fragile_Earth,accept-full-presentation
KDD,/group?id=KDD.org/2024/Workshop/Fragile_Earth,accept-short-presentation
KDD,/group?id=KDD.org/2024/Workshop/KDD_Cup_CRAG,accept
KDD,/group?id=KDD.org/2024/Workshop/KiL,accept-oral
KDD,/group?id=KDD.org/2024/Workshop/KiL,accept-poster
KDD,/group?id=KDD.org/2024/Workshop/OAG-Challenge_Cup,active-submissions
LOG,/group?id=logconference.io/LOG/2023/Conference,accept-oral
LOG,/group?id=logconference.io/LOG/2024/Conference,accept-oral
LOG,/group?id=logconference.io/LOG/2024/Conference,accept-poster
MathAI,/group?id=mathai.club/MathAI/2025/Conference,withdrawn-submissions
MICCAI,/group?id=MICCAI.org/2023/FLARE,reject
MICCAI,/group?id=MICCAI.org/2024/Challenge/FLARE,active-submissions
MICCAI,/group?id=MICCAI.org/2024/Challenge/FLARE,desk-rejected-submissions
MICCAI,/group?id=MICCAI.org/2024/MEC,active-submissions
MICCAI,/group?id=MICCAI.org/2024/Workshop/COMPAYL,accept
MICCAI,/group?id=MICCAI.org/2024/Workshop/MSB,accept-oral
MICCAI,/group?id=MICCAI.org/2024/Workshop/UNSURE,active-submissions
MLSys,/group?id=MLSys.org/2024/Conference,accept
NAACL,/group?id=aclweb.org/NAACL/2025/Workshop/CALCS,active-submissions
NAACL,/group?id=aclweb.org/NAACL/2025/Workshop/CALCS,withdrawn-submissions
NeurIPS,/group?id=NeurIPS.cc/2023/Conference,accept-oral
NeurIPS,/group?id=NeurIPS.cc/2023/Conference,accept-spotlight
NeurIPS,/group?id=NeurIPS.cc/2023/Conference,reject
NeurIPS,/group?id=NeurIPS.cc/2023/Track/Datasets_and_Benchmarks,accept-oral
NeurIPS,/group?id=NeurIPS.cc/2023/Track/Datasets_and_Benchmarks,accept-poster
NeurIPS,/group?id=NeurIPS.cc/2023/Track/Datasets_and_Benchmarks,accept-spotlight
NeurIPS,/group?id=NeurIPS.cc/2023/Track/Datasets_and_Benchmarks,reject
NeurIPS,/group?id=NeurIPS.cc/2023/Workshop/AI4Mat,accept-poster
NeurIPS,/group?id=NeurIPS.cc/2023/Workshop/AI4Mat,accept-spotlight
NeurIPS,/group?id=NeurIPS.cc/2023/Workshop/AI4Science,accept-oral
NeurIPS,/group?id=NeurIPS.cc/2023/Workshop/AI4Science,accept-poster
NeurIPS,/group?id=NeurIPS.cc/2023/Workshop/ALOE,accept-poster
NeurIPS,/group?id=NeurIPS.cc/2023/Workshop/ALOE,accept-spotlight
NeurIPS,/group?id=NeurIPS.cc/2023/Workshop/AMHN,accept-oral
NeurIPS,/group?id=NeurIPS.cc/2023/Workshop/AMHN,accept-poster
NeurIPS,/group?id=NeurIPS.cc/2023/Workshop/ATTRIB,accept-oral
NeurIPS,/group?id=NeurIPS.cc/2023/Workshop/ATTRIB,accept-poster
NeurIPS,/group?id=NeurIPS.cc/2023/Workshop/BUGS,accept-oral
NeurIPS,/group?id=NeurIPS.cc/2023/Workshop/BUGS,accept-poster
NeurIPS,/group?id=NeurIPS.cc/2023/Workshop/CompSust,accept-poster
NeurIPS,/group?id=NeurIPS.cc/2023/Workshop/CompSust,accept-spotlight-talk
NeurIPS,/group?id=NeurIPS.cc/2023/Workshop/CompSust,reject
NeurIPS,/group?id=NeurIPS.cc/2023/Workshop/CRL,accept-oral
NeurIPS,/group?id=NeurIPS.cc/2023/Workshop/CRL,accept-poster
NeurIPS,/group?id=NeurIPS.cc/2023/Workshop/Deep_Inverse,accept-oral
NeurIPS,/group?id=NeurIPS.cc/2023/Workshop/Deep_Inverse,accept-poster
NeurIPS,/group?id=NeurIPS.cc/2023/Workshop/DGM4H,accept-best-paper
NeurIPS,/group?id=NeurIPS.cc/2023/Workshop/DGM4H,accept-poster
NeurIPS,/group?id=NeurIPS.cc/2023/Workshop/DGM4H,accept-spotlight
NeurIPS,/group?id=NeurIPS.cc/2023/Workshop/DistShift,accept-oral
NeurIPS,/group?id=NeurIPS.cc/2023/Workshop/DistShift,accept-poster
NeurIPS,/group?id=NeurIPS.cc/2023/Workshop/DLDE,accept-best-paper-award-spotlight-talk
NeurIPS,/group?id=NeurIPS.cc/2023/Workshop/DLDE,accept-poster
NeurIPS,/group?id=NeurIPS.cc/2023/Workshop/DLDE,accept-spotlight-talk
NeurIPS,/group?id=NeurIPS.cc/2023/Workshop/Federated_Learning,accept-oral
NeurIPS,/group?id=NeurIPS.cc/2023/Workshop/Federated_Learning,accept-poster
NeurIPS,/group?id=NeurIPS.cc/2023/Workshop/FMDM,accept
NeurIPS,/group?id=NeurIPS.cc/2023/Workshop/NeurReps,accept-oral
NeurIPS,/group?id=NeurIPS.cc/2023/Workshop/NeurReps,accept-poster
NeurIPS,/group?id=NeurIPS.cc/2023/Workshop/OPT,accept-oral
NeurIPS,/group?id=NeurIPS.cc/2023/Workshop/OPT,accept-poster
NeurIPS,/group?id=NeurIPS.cc/2023/Workshop/R0-FoMo,accept-oral
NeurIPS,/group?id=NeurIPS.cc/2023/Workshop/R0-FoMo,accept-poster
NeurIPS,/group?id=NeurIPS.cc/2023/Workshop/R0-FoMo,accept-spotlight
NeurIPS,/group?id=NeurIPS.cc/2023/Workshop/ReALML,accept
NeurIPS,/group?id=NeurIPS.cc/2023/Workshop/RegML,accept
NeurIPS,/group?id=NeurIPS.cc/2023/Workshop/SoLaR,accept-poster
NeurIPS,/group?id=NeurIPS.cc/2023/Workshop/SoLaR,accept-spotlight
NeurIPS,/group?id=NeurIPS.cc/2023/Workshop/SyntheticData4ML,accept-oral
NeurIPS,/group?id=NeurIPS.cc/2023/Workshop/SyntheticData4ML,accept-poster
NeurIPS,/group?id=NeurIPS.cc/2023/Workshop/TGL,accept-long-paper
NeurIPS,/group?id=NeurIPS.cc/2023/Workshop/TGL,accept-short-paper
NeurIPS,/group?id=NeurIPS.cc/2023/Workshop/TRL,accept-oral
NeurIPS,/group?id=NeurIPS.cc/2023/Workshop/TRL,accept-poster
NeurIPS,/group?id=NeurIPS.cc/2023/Workshop/UniReps,accept-oral
NeurIPS,/group?id=NeurIPS.cc/2023/Workshop/UniReps,accept-poster
NeurIPS,/group?id=NeurIPS.cc/2023/Workshop/WANT,accept-oral
NeurIPS,/group?id=NeurIPS.cc/2023/Workshop/WANT,accept-poster
NeurIPS,/group?id=NeurIPS.cc/2023/Workshop/XAIA,accept
NeurIPS,/group?id=NeurIPS.cc/2024/Competition_Track,accept
NeurIPS,/group?id=NeurIPS.cc/2024/Competition/LMC,accept-oral
NeurIPS,/group?id=NeurIPS.cc/2024/Conference,accept-oral
NeurIPS,/group?id=NeurIPS.cc/2024/Datasets_and_Benchmarks_Track,accept-oral
NeurIPS,/group?id=NeurIPS.cc/2024/Datasets_and_Benchmarks_Track,accept-spotlight
NeurIPS,/group?id=NeurIPS.cc/2024/Workshop/AdvML-Frontiers,accept
NeurIPS,/group?id=NeurIPS.cc/2024/Workshop/AFM,accept-oral
NeurIPS,/group?id=NeurIPS.cc/2024/Workshop/AFM,accept-poster
NeurIPS,/group?id=NeurIPS.cc/2024/Workshop/AI4Mat,accept
NeurIPS,/group?id=NeurIPS.cc/2024/Workshop/AI4Mat,accept-spotlight
NeurIPS,/group?id=NeurIPS.cc/2024/Workshop/AIDrugX,accept-poster
NeurIPS,/group?id=NeurIPS.cc/2024/Workshop/AIDrugX,accept-spotlight
NeurIPS,/group?id=NeurIPS.cc/2024/Workshop/AIM-FM,accept-oral
NeurIPS,/group?id=NeurIPS.cc/2024/Workshop/AIM-FM,accept-poster
NeurIPS,/group?id=NeurIPS.cc/2024/Workshop/ATTRIB,accept
NeurIPS,/group?id=NeurIPS.cc/2024/Workshop/Audio_Imagination,accept
NeurIPS,/group?id=NeurIPS.cc/2024/Workshop/BDU,accept-oral
NeurIPS,/group?id=NeurIPS.cc/2024/Workshop/BDU,accept-poster
NeurIPS,/group?id=NeurIPS.cc/2024/Workshop/BDU,reject
NeurIPS,/group?id=NeurIPS.cc/2024/Workshop/Behavioral_ML,accept
NeurIPS,/group?id=NeurIPS.cc/2024/Workshop/CRL,accept-oral
NeurIPS,/group?id=NeurIPS.cc/2024/Workshop/CRL,accept-poster
NeurIPS,/group?id=NeurIPS.cc/2024/Workshop/D3S3,accept-poster
NeurIPS,/group?id=NeurIPS.cc/2024/Workshop/Federated_Learning,accept-oral
NeurIPS,/group?id=NeurIPS.cc/2024/Workshop/FITML,accept-oral
NeurIPS,/group?id=NeurIPS.cc/2024/Workshop/FITML,accept-poster
NeurIPS,/group?id=NeurIPS.cc/2024/Workshop/FM4Science,accept-oral
NeurIPS,/group?id=NeurIPS.cc/2024/Workshop/FM4Science,accept-poster
NeurIPS,/group?id=NeurIPS.cc/2024/Workshop/GenAI4Health,accept-oral
NeurIPS,/group?id=NeurIPS.cc/2024/Workshop/GenAI4Health,accept-poster
NeurIPS,/group?id=NeurIPS.cc/2024/Workshop/IMOL,accept-as-tiny-paper-poster
NeurIPS,/group?id=NeurIPS.cc/2024/Workshop/IMOL,accept-poster
NeurIPS,/group?id=NeurIPS.cc/2024/Workshop/InterpretableAI,accept
NeurIPS,/group?id=NeurIPS.cc/2024/Workshop/LanGame,accept-poster
NeurIPS,/group?id=NeurIPS.cc/2024/Workshop/LanGame,accept-spotlight
NeurIPS,/group?id=NeurIPS.cc/2024/Workshop/LXAI,accept
NeurIPS,/group?id=NeurIPS.cc/2024/Workshop/M3L,accept-oral
NeurIPS,/group?id=NeurIPS.cc/2024/Workshop/M3L,accept-poster
NeurIPS,/group?id=NeurIPS.cc/2024/Workshop/MATH-AI,accept
NeurIPS,/group?id=NeurIPS.cc/2024/Workshop/MINT,accept
NeurIPS,/group?id=NeurIPS.cc/2024/Workshop/MLNCP,accept-oral
NeurIPS,/group?id=NeurIPS.cc/2024/Workshop/MLNCP,accept-poster
NeurIPS,/group?id=NeurIPS.cc/2024/Workshop/MLNCP,reject
NeurIPS,/group?id=NeurIPS.cc/2024/Workshop/MusIML,accept-poster
NeurIPS,/group?id=NeurIPS.cc/2024/Workshop/NeuroAI,accept-poster
NeurIPS,/group?id=NeurIPS.cc/2024/Workshop/NeuroAI,accept-spotlight
NeurIPS,/group?id=NeurIPS.cc/2024/Workshop/NeurReps,accept-oral
NeurIPS,/group?id=NeurIPS.cc/2024/Workshop/NeurReps,accept-poster
NeurIPS,/group?id=NeurIPS.cc/2024/Workshop/OPT,accept
NeurIPS,/group?id=NeurIPS.cc/2024/Workshop/OWA,accept-oral
NeurIPS,/group?id=NeurIPS.cc/2024/Workshop/OWA,accept-poster
NeurIPS,/group?id=NeurIPS.cc/2024/Workshop/Pluralistic-Alignment,accepted-submissions
NeurIPS,/group?id=NeurIPS.cc/2024/Workshop/TSALM,accept-oral
NeurIPS,/group?id=NeurIPS.cc/2024/Workshop/TSALM,accept-poster
NeurIPS,/group?id=NeurIPS.cc/2024/Workshop/TSALM,accept-spotlight
NeurIPS,/group?id=NeurIPS.cc/2024/Workshop/UniReps,accept
NeurIPS,/group?id=NeurIPS.cc/2024/Workshop/Video-Langauge_Models,accept-oral
NeurIPS,/group?id=NeurIPS.cc/2024/Workshop/Video-Langauge_Models,accept-poster
NeurIPS,/group?id=NeurIPS.cc/2024/Workshop/WTP,accept
PRL,/group?id=PRL/2023/ICAPS,accept
PRL,/group?id=PRL/2023/IJCAI,accepted-submissions
Purdue University,/group?id=purdue.edu/Purdue_University/ML/2023/Hackathon_Reproducibility_Challenge,active-submissions
Purdue University,/group?id=purdue.edu/Purdue_University/ML/2023/Hackathon_Reproducibility_Challenge,all-papers
Purdue University,/group?id=purdue.edu/Purdue_University/ML/2023/Hackathon_Reproducibility_Challenge,claimed
RLC,/group?id=rl-conference.cc/RLC/2024/Conference,accept
RLC,/group?id=rl-conference.cc/RLC/2024/Workshop/CoCoMARL,accept-honourable-mention
RLC,/group?id=rl-conference.cc/RLC/2024/Workshop/CoCoMARL,accept-oral
RLC,/group?id=rl-conference.cc/RLC/2024/Workshop/CoCoMARL,accept-poster
RLC,/group?id=rl-conference.cc/RLC/2024/Workshop/Deployable_RL,accept
RLC,/group?id=rl-conference.cc/RLC/2024/Workshop/Finding_the_Frame,accept-poster
RLC,/group?id=rl-conference.cc/RLC/2024/Workshop/ICBINB,accept-poster
RLC,/group?id=rl-conference.cc/RLC/2024/Workshop/InterpPol,correct-paper-that-fits-the-topic-accept
RLC,/group?id=rl-conference.cc/RLC/2024/Workshop/RLSW,accept-poster
RLC,/group?id=rl-conference.cc/RLC/2024/Workshop/RLSW,accept-talk-poster
RLC,/group?id=rl-conference.cc/RLC/2024/Workshop/TAFM,accept
RLC,/group?id=rl-conference.cc/RLC/2024/Workshop/TAFM,reject
RSS,/group?id=roboticsfoundation.org/RSS/2024/Workshop/DGR,accept-poster
RSS,/group?id=roboticsfoundation.org/RSS/2024/Workshop/DGR,accept-poster-spotlight
RSS,/group?id=roboticsfoundation.org/RSS/2024/Workshop/DM,accept
RSS,/group?id=roboticsfoundation.org/RSS/2024/Workshop/EARL,accepted-papers
RSS,/group?id=roboticsfoundation.org/RSS/2024/Workshop/GAS,accept
SEMANTiCS,/group?id=SEMANTiCS.cc/2024/Workshop/NXDG,accept
SEMANTiCS,/group?id=SEMANTiCS.cc/2024/Workshop/NXDG,conditionally-accepted
SEMANTiCS,/group?id=SEMANTiCS.cc/2024/Workshop/NXDG,reject
SIGARAB,/group?id=SIGARAB.org/ArabicNLP/2023/Conference,accept
SIGARAB,/group?id=SIGARAB.org/ArabicNLP/2024/Conference,accept
THU,/group?id=tsinghua.edu.cn/THU/2024/Fall/AML,active-submissions
THU,/group?id=tsinghua.edu.cn/THU/2024/Winter/AML,active-submissions
TMLR,/group?id=TMLR,accepted-papers
TMLR,/group?id=TMLR,all-submissions
TMLR,/group?id=TMLR,expert-certification
TMLR,/group?id=TMLR,featured-certification
TMLR,/group?id=TMLR,outstanding-certification
TMLR,/group?id=TMLR,reproducibility-certification
TMLR,/group?id=TMLR,survey-certification
TMLR,/group?id=TMLR,under-review-submissions
UAI,/group?id=auai.org/UAI/2023/Workshop/TPM,accept
UAI,/group?id=auai.org/UAI/2024/Conference,accept-oral
UAI,/group?id=auai.org/UAI/2024/Conference,accept-poster
UAI,/group?id=auai.org/UAI/2024/Conference,accept-spotlight
UAI,/group?id=auai.org/UAI/2024/Workshop/Causal,accept-oral
UAI,/group?id=auai.org/UAI/2024/Workshop/Causal,accept-poster
UAI,/group?id=auai.org/UAI/2024/Workshop/TPM,accept
UIUC,/group?id=illinois.edu/UIUC/Fall_2024/CS582_MLCB,active-submissions
University of Eastern Finland,/group?id=uef.fi/University_of_Eastern_Finland/DRDHum/2024/Conference,accept
University of Eastern Finland,/group?id=uef.fi/University_of_Eastern_Finland/DRDHum/2024/Conference,accept-best-paper
University of Eastern Finland,/group?id=uef.fi/University_of_Eastern_Finland/DRDHum/2024/Conference,accept-with-revisions
University of Eastern Finland,/group?id=uef.fi/University_of_Eastern_Finland/DRDHum/2024/Conference,reject
University of Michigan,/group?id=umich.edu/University_of_Michigan/Fall_2024/CSE595_NLP,accept
Wikidata and Research,/group?id=wikimedia.it/Wikidata_and_Research/2025/Conference,accept-different-format
Wikidata and Research,/group?id=wikimedia.it/Wikidata_and_Research/2025/Conference,accept-lt
Wikidata and Research,/group?id=wikimedia.it/Wikidata_and_Research/2025/Conference,accept-paper
Wikidata and Research,/group?id=wikimedia.it/Wikidata_and_Research/2025/Conference,accept-poster
Wikidata and Research,/group?id=wikimedia.it/Wikidata_and_Research/2025/Conference,reject
Wikimedia,/group?id=wikimediafoundation.org/Wikimedia/Research_Fund_2023,not-recommended-for-funding
Wroc≈Çaw University of Science and Technology,/group?id=pwr.edu.pl/Wroc%C5%82aw_University_of_Science_and_Technology/2024/ZPI_Day,active-submissions
